filename,module_name,module_params,execution_time,average_output_token,bleu,meteor,rouge,sem_score,g_eval,bert_score,is_best
0.parquet,OpenAILLM,"{'llm': 'gpt-4o-mini', 'temperature': 0.3, 'batch': 2}",5.854850991566976,898.2333333333333,2.294725474970822,0.20953903349810954,0.07558095912999857,0.9296504361895265,4.0,0.7211897492408752,False
1.parquet,OpenAILLM,"{'llm': 'gpt-4o-mini', 'temperature': 0.5, 'batch': 2}",6.24066743850708,912.6666666666666,2.3372394467666813,0.21498530335625377,0.08153666667566695,0.9325784573923955,3.9833333333333334,0.7227526744206746,True
2.parquet,OpenAILLM,"{'llm': 'gpt-4o-mini', 'temperature': 0.8, 'batch': 2}",5.86184606552124,910.1666666666666,2.102434315578832,0.20448518650885558,0.0638419089193702,0.9296447899014801,3.7916666666666665,0.7173052151997884,False
