filename,module_name,module_params,execution_time,average_output_token,bleu,meteor,rouge,sem_score,g_eval,bert_score,is_best
0.parquet,OpenAILLM,"{'llm': 'gpt-4o-mini', 'temperature': 0.3, 'batch': 2}",2.8113423776626587,371.12,4.851861220934534,0.22929205220929966,0.11925527591317067,0.9548406358537944,4.345,0.7395009624958039,True
1.parquet,OpenAILLM,"{'llm': 'gpt-4o-mini', 'temperature': 0.5, 'batch': 2}",2.829558238983154,390.6,4.4938271839876,0.22264201319266344,0.140989898989899,0.9546162904902367,4.34,0.7435059928894043,False
2.parquet,OpenAILLM,"{'llm': 'gpt-4o-mini', 'temperature': 0.8, 'batch': 2}",3.2460462188720705,392.62,4.020895702936188,0.22577726669981676,0.12990513874468995,0.9549674905825072,4.31,0.7375316441059112,False
