filename,module_name,module_params,execution_time,average_output_token,bleu,meteor,rouge,sem_score,g_eval,bert_score,is_best
0.parquet,OpenAILLM,"{'llm': 'gpt-4o-mini', 'temperature': 0.3, 'batch': 2}",6.268151768048605,930.6666666666666,2.188233110619611,0.20138173368113493,0.11107645693323444,0.930523067703475,3.875,0.7207074880599975,True
1.parquet,OpenAILLM,"{'llm': 'gpt-4o-mini', 'temperature': 0.5, 'batch': 2}",6.650887529055278,881.4333333333333,2.0959967179149297,0.20338871701437425,0.07721788488004042,0.9316072439590235,3.925,0.721370275815328,False
2.parquet,OpenAILLM,"{'llm': 'gpt-4o-mini', 'temperature': 0.8, 'batch': 2}",6.814375940958659,923.0666666666667,1.845994897060725,0.2052845720162102,0.10412548912548912,0.930442005561575,3.7583333333333333,0.7198977073033651,False
