filename,module_name,module_params,execution_time,average_output_token,bleu,meteor,rouge,sem_score,g_eval,bert_score,is_best
0.parquet,OpenAILLM,"{'llm': 'gpt-4o-mini', 'temperature': 0.3, 'batch': 2}",6.3618543942769366,914.5666666666667,2.2641580492546667,0.20647827183929193,0.09990448316614646,0.9307558364251795,3.7333333333333334,0.7199653347333272,True
