filename,module_name,module_params,execution_time,passage_filter_retrieval_ndcg,passage_filter_retrieval_mrr,passage_filter_retrieval_map,passage_filter_retrieval_recall,passage_filter_retrieval_precision,passage_filter_retrieval_f1,is_best
0.parquet,PassPassageFilter,{},0.00011924107869466146,0.8551549589285763,0.8277777777777777,0.8277777777777777,0.9333333333333333,0.1866666666666667,0.31111111111111117,False
1.parquet,SimilarityThresholdCutoff,{'threshold': 0.85},0.18530126412709555,0.8551549589285763,0.8277777777777777,0.8277777777777777,0.9333333333333333,0.2516666666666667,0.3911111111111112,False
2.parquet,SimilarityPercentileCutoff,{'percentile': 0.6},0.21609059969584146,0.0,0.0,0.0,0.0,0.0,0.0,False
3.parquet,ThresholdCutoff,{'threshold': 0.85},0.00010640621185302735,0.7333333333333333,0.7333333333333333,0.7333333333333333,0.7333333333333333,0.7333333333333333,0.7333333333333333,True
4.parquet,PercentileCutoff,{'percentile': 0.6},0.00011182626088460287,0.8551549589285763,0.8277777777777777,0.8277777777777777,0.9333333333333333,0.3111111111111111,0.4666666666666667,False
